0,1,1.5,2,2.5,3,3.5,4,4.5,5,5.5,6,6.5,7,7.5,8,8.5,9
353,0.10278,0.14733,0.14377,0.15506,0.19546,0.2008,0.20912,0.21447,0.21744,0.21981,0.21268,0.20199,0.18001,0.16872,0.16456,0.16278,0.16219
354,0.10278,0.14793,0.14496,0.15684,0.19783,0.20318,0.2115,0.21684,0.22041,0.22219,0.21447,0.20258,0.17942,0.16694,0.16219,0.15981,0.15981
355,0.10337,0.14852,0.14674,0.15922,0.20021,0.20556,0.21447,0.21981,0.22278,0.22516,0.21625,0.20377,0.17882,0.16516,0.15981,0.15743,0.15684
356,0.10337,0.14912,0.14793,0.161,0.20199,0.20793,0.21684,0.22219,0.22575,0.22754,0.21803,0.20437,0.17823,0.16397,0.15743,0.15446,0.15387
357,0.10337,0.14971,0.14912,0.16278,0.20437,0.2109,0.21981,0.22516,0.22813,0.22991,0.21981,0.20496,0.17763,0.16219,0.15506,0.15209,0.1509
358,0.10337,0.1503,0.1503,0.16516,0.20734,0.21387,0.22278,0.22813,0.2311,0.23229,0.22219,0.20674,0.17763,0.161,0.15268,0.14971,0.14852
359,0.10397,0.1509,0.15209,0.16694,0.21031,0.21684,0.22575,0.2317,0.23407,0.23585,0.22457,0.20793,0.17704,0.15922,0.1503,0.14793,0.14615
360,0.10397,0.15149,0.15328,0.16932,0.21268,0.21922,0.22872,0.23467,0.23704,0.23882,0.22635,0.20912,0.17763,0.15803,0.14852,0.14555,0.14377
361,0.10456,0.15209,0.15506,0.17169,0.21565,0.22278,0.2317,0.23764,0.24061,0.24179,0.22872,0.21031,0.17763,0.15743,0.14733,0.14377,0.14199
362,0.10456,0.15268,0.15625,0.17347,0.21863,0.22575,0.23526,0.2412,0.24417,0.24536,0.2317,0.21209,0.17763,0.15625,0.14555,0.14258,0.14021
363,0.10515,0.15387,0.15803,0.17585,0.221,0.22872,0.23823,0.24417,0.24714,0.24833,0.23407,0.21387,0.17823,0.15625,0.14436,0.1408,0.13902
364,0.10515,0.15446,0.15981,0.17823,0.22397,0.23229,0.24179,0.24774,0.25071,0.25189,0.23704,0.21565,0.17882,0.15565,0.14318,0.13961,0.13723
365,0.10575,0.15565,0.16159,0.1806,0.22694,0.23526,0.24536,0.2513,0.25427,0.25486,0.23942,0.21803,0.17942,0.15506,0.14258,0.13842,0.13605
366,0.10634,0.15625,0.16337,0.18298,0.23051,0.23882,0.24892,0.25486,0.25784,0.25843,0.24298,0.22041,0.1806,0.15506,0.14199,0.13783,0.13486
367,0.10694,0.15743,0.16516,0.18595,0.23407,0.24239,0.25249,0.25902,0.2614,0.26199,0.24595,0.22278,0.18179,0.15565,0.14139,0.13723,0.13426
368,0.10694,0.15803,0.16694,0.18833,0.23645,0.24536,0.25605,0.26259,0.26496,0.26556,0.24892,0.22457,0.18239,0.15565,0.1408,0.13664,0.13367
369,0.10753,0.15922,0.16872,0.1907,0.24001,0.24892,0.25962,0.26615,0.26912,0.26912,0.25189,0.22694,0.18417,0.15565,0.1408,0.13605,0.13308
370,0.10812,0.15981,0.1705,0.19308,0.24298,0.25249,0.26318,0.26972,0.27269,0.27269,0.25486,0.22932,0.18536,0.15625,0.1408,0.13545,0.13248
371,0.10872,0.161,0.17229,0.19546,0.24595,0.25546,0.26675,0.27328,0.27625,0.27625,0.25784,0.2317,0.18654,0.15684,0.1408,0.13545,0.13189
372,0.10872,0.16219,0.17407,0.19843,0.24892,0.25902,0.26972,0.27685,0.27982,0.27982,0.26081,0.23348,0.18773,0.15743,0.1408,0.13545,0.13189
373,0.10931,0.16278,0.17585,0.2008,0.25189,0.26259,0.27328,0.28041,0.28338,0.28338,0.26378,0.23645,0.18892,0.15743,0.14021,0.13486,0.13129
374,0.10991,0.16397,0.17704,0.20318,0.25546,0.26615,0.27685,0.28398,0.28695,0.28695,0.26675,0.23823,0.1907,0.15803,0.14021,0.13486,0.13129
375,0.1105,0.16456,0.17942,0.20556,0.25843,0.26972,0.28041,0.28754,0.29051,0.29051,0.27031,0.24061,0.19189,0.15922,0.1408,0.13486,0.13129
376,0.11109,0.16575,0.1806,0.20793,0.2614,0.27269,0.28398,0.2911,0.29407,0.29407,0.27328,0.24358,0.19367,0.15981,0.1408,0.13486,0.13129
377,0.11169,0.16694,0.18239,0.21031,0.26437,0.27566,0.28754,0.29467,0.29764,0.29764,0.27625,0.24536,0.19486,0.1604,0.1408,0.13545,0.13129
378,0.11228,0.16813,0.18417,0.21268,0.26734,0.27922,0.2911,0.29823,0.30061,0.30061,0.27922,0.24774,0.19605,0.161,0.14139,0.13545,0.13129
379,0.11288,0.16872,0.18595,0.21506,0.27031,0.28219,0.29407,0.3012,0.30417,0.30417,0.28219,0.25011,0.19783,0.16159,0.14139,0.13545,0.13129
380,0.11347,0.16991,0.18773,0.21744,0.27328,0.28516,0.29705,0.30477,0.30714,0.30774,0.28457,0.25249,0.19902,0.16219,0.14199,0.13545,0.13129
381,0.11407,0.1705,0.18892,0.21981,0.27566,0.28813,0.30061,0.30774,0.31071,0.31071,0.28754,0.25486,0.2008,0.16337,0.14199,0.13605,0.13129
382,0.11466,0.17169,0.1907,0.22219,0.27863,0.2911,0.30358,0.3113,0.31427,0.31427,0.29051,0.25665,0.20199,0.16397,0.14258,0.13605,0.13129
383,0.11525,0.17229,0.19249,0.22397,0.2816,0.29407,0.30655,0.31427,0.31724,0.31724,0.29348,0.25902,0.20377,0.16456,0.14318,0.13605,0.13129
384,0.11585,0.17347,0.19367,0.22635,0.28398,0.29705,0.30952,0.31724,0.32021,0.32021,0.29586,0.2614,0.20496,0.16575,0.14318,0.13664,0.13189
385,0.11644,0.17407,0.19546,0.22813,0.28695,0.30002,0.31249,0.32021,0.32319,0.32319,0.29823,0.26318,0.20615,0.16635,0.14377,0.13664,0.13189
386,0.11704,0.17526,0.19664,0.22991,0.28932,0.30239,0.31546,0.32319,0.32616,0.32616,0.3012,0.26556,0.20793,0.16694,0.14436,0.13723,0.13189
387,0.11822,0.17585,0.19783,0.23229,0.2917,0.30536,0.31843,0.32616,0.32913,0.32853,0.30358,0.26734,0.20912,0.16813,0.14436,0.13783,0.13248
388,0.11882,0.17644,0.19961,0.23348,0.29407,0.30774,0.32081,0.32853,0.3315,0.3315,0.30596,0.26972,0.21031,0.16872,0.14496,0.13783,0.13248
389,0.11941,0.17704,0.2008,0.23585,0.29586,0.31012,0.32319,0.3315,0.33447,0.33388,0.30774,0.27091,0.2115,0.16932,0.14555,0.13842,0.13248
390,0.12001,0.17823,0.20199,0.23764,0.29823,0.31249,0.32556,0.33388,0.33685,0.33685,0.31071,0.27328,0.21328,0.1705,0.14615,0.13842,0.13308
391,0.1206,0.17882,0.20318,0.23942,0.30061,0.31487,0.32794,0.33626,0.33923,0.33923,0.31249,0.27506,0.21447,0.1711,0.14615,0.13902,0.13308
392,0.12119,0.17942,0.20437,0.24061,0.30299,0.31724,0.33091,0.33923,0.3422,0.3416,0.31487,0.27685,0.21565,0.17169,0.14674,0.13961,0.13367
393,0.12179,0.18001,0.20556,0.24239,0.30477,0.31962,0.33328,0.34101,0.34457,0.34398,0.31724,0.27863,0.21684,0.17229,0.14733,0.13961,0.13367
394,0.12238,0.1812,0.20674,0.24417,0.30655,0.322,0.33507,0.34338,0.34635,0.34635,0.31903,0.28041,0.21803,0.17347,0.14733,0.14021,0.13367
395,0.12298,0.18179,0.20793,0.24536,0.30833,0.32378,0.33744,0.34576,0.34873,0.34814,0.32081,0.2816,0.21922,0.17407,0.14793,0.14021,0.13426
396,0.12416,0.18239,0.20853,0.24714,0.31071,0.32616,0.33923,0.34814,0.35111,0.35051,0.32319,0.28338,0.21981,0.17466,0.14852,0.14021,0.13426
397,0.12476,0.18298,0.20971,0.24833,0.31249,0.32794,0.3416,0.34992,0.35348,0.35289,0.32497,0.28516,0.221,0.17526,0.14852,0.1408,0.13426
398,0.12535,0.18357,0.2109,0.25011,0.31427,0.33031,0.34398,0.3523,0.35527,0.35527,0.32675,0.28695,0.22219,0.17585,0.14912,0.14139,0.13486
399,0.12595,0.18417,0.21209,0.25189,0.31606,0.3321,0.34635,0.35467,0.35764,0.35705,0.32913,0.28813,0.22338,0.17644,0.14971,0.14139,0.13486
400,0.12714,0.18476,0.21328,0.25308,0.31784,0.33447,0.34814,0.35645,0.36002,0.35942,0.33091,0.28992,0.22457,0.17704,0.14971,0.14199,0.13486
401,0.12773,0.18536,0.21387,0.25427,0.31962,0.33626,0.35051,0.35883,0.3618,0.36121,0.33269,0.2917,0.22575,0.17763,0.1503,0.14199,0.13545
402,0.12832,0.18595,0.21506,0.25605,0.322,0.33863,0.3523,0.36121,0.36418,0.36358,0.33447,0.29289,0.22694,0.17823,0.1509,0.14199,0.13545
403,0.12892,0.18714,0.21625,0.25724,0.32378,0.34041,0.35467,0.36358,0.36655,0.36596,0.33685,0.29467,0.22813,0.17942,0.1509,0.14258,0.13545
404,0.13011,0.18773,0.21744,0.25902,0.32556,0.34279,0.35705,0.36596,0.36893,0.36834,0.33863,0.29645,0.22932,0.18001,0.15149,0.14258,0.13605
405,0.1307,0.18833,0.21863,0.26081,0.32794,0.34517,0.35942,0.36834,0.37131,0.37071,0.34101,0.29823,0.23051,0.1806,0.15209,0.14318,0.13605
406,0.13189,0.18892,0.21981,0.26259,0.32972,0.34754,0.3618,0.37071,0.37368,0.37309,0.34338,0.30002,0.2317,0.1812,0.15209,0.14318,0.13605
407,0.13308,0.19011,0.221,0.26378,0.3321,0.34992,0.36477,0.37368,0.37665,0.37606,0.34576,0.3018,0.23288,0.18179,0.15268,0.14377,0.13605
408,0.13367,0.1907,0.22219,0.26556,0.33447,0.3523,0.36715,0.37606,0.37903,0.37844,0.34814,0.30417,0.23407,0.18298,0.15328,0.14377,0.13664
409,0.13486,0.19189,0.22338,0.26734,0.33626,0.35467,0.36952,0.37844,0.382,0.38141,0.35051,0.30596,0.23526,0.18357,0.15328,0.14436,0.13664
410,0.13605,0.19308,0.22457,0.26972,0.33923,0.35764,0.37249,0.382,0.38497,0.38438,0.35289,0.30833,0.23704,0.18417,0.15387,0.14436,0.13664
411,0.13723,0.19367,0.22635,0.2715,0.3416,0.36061,0.37547,0.38497,0.38794,0.38735,0.35586,0.31071,0.23823,0.18536,0.15387,0.14496,0.13664
412,0.13842,0.19486,0.22813,0.27388,0.34457,0.36358,0.37903,0.38794,0.39151,0.39091,0.35883,0.31249,0.24001,0.18595,0.15446,0.14496,0.13723
413,0.13961,0.19605,0.22932,0.27625,0.34754,0.36655,0.382,0.39151,0.39507,0.39388,0.3618,0.31546,0.2412,0.18654,0.15446,0.14496,0.13723
414,0.1408,0.19724,0.2311,0.27863,0.35051,0.37012,0.38556,0.39507,0.39863,0.39804,0.36477,0.31784,0.24298,0.18773,0.15506,0.14496,0.13723
415,0.14199,0.19843,0.23288,0.281,0.35348,0.37368,0.38913,0.39863,0.4022,0.40161,0.36834,0.32021,0.24477,0.18833,0.15506,0.14555,0.13723
416,0.14377,0.20021,0.23526,0.28398,0.35705,0.37725,0.39329,0.40279,0.40636,0.40576,0.3719,0.32319,0.24655,0.18892,0.15506,0.14555,0.13723
417,0.14496,0.2014,0.23704,0.28635,0.36061,0.38141,0.39745,0.40695,0.41052,0.40992,0.37547,0.32616,0.24833,0.18951,0.15565,0.14555,0.13664
418,0.14674,0.20318,0.23942,0.28932,0.36418,0.38497,0.40161,0.4117,0.41527,0.41408,0.37903,0.32913,0.25011,0.1907,0.15565,0.14496,0.13664
419,0.14852,0.20437,0.2412,0.29229,0.36774,0.38913,0.40576,0.41586,0.41943,0.41824,0.38259,0.3321,0.25189,0.1913,0.15565,0.14496,0.13664
420,0.1503,0.20615,0.24358,0.29526,0.3719,0.39329,0.41052,0.42062,0.42418,0.42299,0.38675,0.33507,0.25368,0.19189,0.15565,0.14496,0.13605
421,0.15209,0.20793,0.24595,0.29823,0.37547,0.39804,0.41527,0.42537,0.42893,0.42775,0.39091,0.33863,0.25546,0.19249,0.15565,0.14436,0.13605
422,0.15328,0.20971,0.24833,0.3018,0.37962,0.4022,0.41943,0.43012,0.43369,0.4325,0.39507,0.3416,0.25724,0.19308,0.15565,0.14436,0.13545
423,0.15565,0.2115,0.25071,0.30536,0.38378,0.40695,0.42477,0.43547,0.43903,0.43784,0.39982,0.34517,0.25902,0.19367,0.15565,0.14436,0.13545
424,0.15743,0.21328,0.25368,0.30893,0.38854,0.4117,0.42953,0.44082,0.44438,0.44319,0.40458,0.34873,0.2614,0.19486,0.15565,0.14377,0.13486
425,0.15981,0.21565,0.25605,0.31249,0.39269,0.41705,0.43487,0.44616,0.44973,0.44854,0.40873,0.3523,0.26318,0.19546,0.15565,0.14377,0.13426
426,0.16219,0.21744,0.25902,0.31606,0.39804,0.4224,0.44022,0.45151,0.45567,0.45389,0.41349,0.35586,0.26496,0.19605,0.15506,0.14318,0.13367
427,0.16397,0.21981,0.26199,0.32021,0.40279,0.42775,0.44616,0.45745,0.46161,0.45983,0.41883,0.36002,0.26734,0.19664,0.15506,0.14258,0.13367
428,0.16635,0.22219,0.26496,0.32378,0.40755,0.43309,0.4521,0.46339,0.46696,0.46517,0.42359,0.36358,0.26972,0.19783,0.15506,0.14258,0.13308
429,0.16872,0.22457,0.26793,0.32794,0.4123,0.43844,0.45745,0.46933,0.4729,0.47111,0.42893,0.36774,0.2715,0.19843,0.15506,0.14199,0.13248
430,0.1711,0.22694,0.27091,0.3321,0.41765,0.44379,0.46339,0.47527,0.47943,0.47765,0.43369,0.3719,0.27388,0.19902,0.15446,0.14199,0.13189
431,0.17407,0.22932,0.27447,0.33626,0.42299,0.44973,0.46993,0.48181,0.48597,0.48359,0.43963,0.37606,0.27625,0.20021,0.15506,0.14199,0.13189
432,0.17644,0.2317,0.27744,0.34041,0.42834,0.45567,0.47587,0.48775,0.49191,0.49012,0.44497,0.38022,0.27863,0.2008,0.15506,0.14139,0.13129
433,0.17942,0.23467,0.281,0.34517,0.43428,0.4622,0.4824,0.49488,0.49904,0.49666,0.45091,0.38497,0.2816,0.20199,0.15506,0.14139,0.13129
434,0.18239,0.23704,0.28457,0.34933,0.44022,0.46814,0.48894,0.50141,0.50557,0.50379,0.45686,0.38913,0.28398,0.20318,0.15506,0.14139,0.13129
435,0.18536,0.24001,0.28754,0.35408,0.44557,0.47468,0.49547,0.50854,0.5127,0.51032,0.4628,0.39388,0.28695,0.20437,0.15506,0.14139,0.13129
436,0.18833,0.24239,0.2911,0.35883,0.45151,0.48121,0.50201,0.51508,0.51923,0.51686,0.46814,0.39863,0.28932,0.20556,0.15565,0.14139,0.13129
437,0.1913,0.24536,0.29467,0.36358,0.45745,0.48715,0.50914,0.52221,0.52636,0.52399,0.47468,0.40339,0.29229,0.20734,0.15565,0.14139,0.13129
438,0.19427,0.24833,0.29883,0.36834,0.46339,0.49369,0.51626,0.52933,0.53349,0.53112,0.48062,0.40814,0.29526,0.20853,0.15625,0.14199,0.13129
439,0.19783,0.2513,0.30239,0.37309,0.46933,0.50022,0.5228,0.53646,0.54062,0.53825,0.48656,0.41349,0.29823,0.20971,0.15684,0.14199,0.13129
440,0.2008,0.25486,0.30596,0.37784,0.47587,0.50735,0.52993,0.54359,0.54835,0.54537,0.49309,0.41824,0.3018,0.2115,0.15743,0.14258,0.13189
441,0.20437,0.25784,0.31012,0.38319,0.48181,0.51448,0.53706,0.55132,0.55607,0.5531,0.49963,0.42359,0.30477,0.21328,0.15862,0.14318,0.13248
442,0.20793,0.26081,0.31368,0.38794,0.48834,0.52102,0.54419,0.55844,0.5632,0.56023,0.50616,0.42893,0.30833,0.21506,0.15922,0.14377,0.13308
443,0.2115,0.26378,0.31784,0.39269,0.49428,0.52755,0.55132,0.56557,0.57033,0.56736,0.5127,0.43369,0.3113,0.21684,0.15981,0.14436,0.13367
444,0.21506,0.26734,0.3214,0.39804,0.50082,0.53409,0.55844,0.5733,0.57805,0.57508,0.51923,0.43903,0.31487,0.21863,0.161,0.14496,0.13426
445,0.21863,0.27031,0.32556,0.40279,0.50676,0.54122,0.56557,0.57983,0.58518,0.58221,0.52577,0.44438,0.31843,0.22041,0.16219,0.14615,0.13545
446,0.22278,0.27388,0.32913,0.40755,0.5127,0.54775,0.57211,0.58756,0.59231,0.58934,0.53171,0.44973,0.322,0.22278,0.16337,0.14733,0.13605
447,0.22635,0.27685,0.33328,0.4123,0.51923,0.55429,0.57924,0.59409,0.59944,0.59647,0.53825,0.45507,0.32556,0.22516,0.16456,0.14793,0.13723
448,0.22991,0.28041,0.33685,0.41705,0.52518,0.56082,0.58577,0.60122,0.60657,0.6036,0.54419,0.45983,0.32913,0.22694,0.16575,0.14912,0.13842
449,0.23407,0.28338,0.34041,0.4218,0.53052,0.56676,0.59231,0.60775,0.6131,0.61013,0.55013,0.46458,0.3321,0.22932,0.16753,0.1509,0.13961
450,0.23823,0.28635,0.34398,0.42596,0.53646,0.5727,0.59884,0.61429,0.61964,0.61667,0.55607,0.46933,0.33566,0.2317,0.16872,0.15209,0.14139
451,0.24179,0.28932,0.34754,0.43072,0.54181,0.57864,0.60478,0.62082,0.62617,0.6232,0.56201,0.47408,0.33863,0.23407,0.1705,0.15387,0.14258
452,0.24595,0.29229,0.35111,0.43487,0.54716,0.58399,0.61072,0.62677,0.63211,0.62914,0.56736,0.47884,0.3422,0.23585,0.17229,0.15506,0.14436
453,0.24952,0.29526,0.35408,0.43903,0.55191,0.58993,0.61667,0.63271,0.63805,0.63568,0.5727,0.48359,0.34576,0.23823,0.17407,0.15684,0.14615
454,0.25368,0.29823,0.35764,0.4426,0.55666,0.59528,0.62201,0.63805,0.64399,0.64102,0.57805,0.48834,0.34933,0.2412,0.17585,0.15862,0.14852
455,0.25784,0.3012,0.36061,0.44676,0.56142,0.60003,0.62736,0.64399,0.64993,0.64696,0.5834,0.4925,0.3523,0.24358,0.17823,0.161,0.1503
456,0.26199,0.30417,0.36358,0.45032,0.56617,0.60478,0.63211,0.64875,0.65469,0.65172,0.58815,0.49666,0.35586,0.24595,0.1806,0.16278,0.15268
457,0.26615,0.30655,0.36655,0.45329,0.56973,0.60954,0.63686,0.6535,0.66003,0.65706,0.59231,0.50082,0.35883,0.24892,0.18298,0.16516,0.15506
458,0.27031,0.30952,0.36893,0.45626,0.57389,0.6131,0.64102,0.65825,0.66419,0.66122,0.59647,0.50438,0.3624,0.2513,0.18536,0.16753,0.15743
459,0.27388,0.3119,0.37131,0.45923,0.57746,0.61726,0.64518,0.66182,0.66835,0.66538,0.60063,0.50795,0.36537,0.25427,0.18773,0.1705,0.1604
460,0.27803,0.31427,0.37368,0.46161,0.58043,0.62023,0.64875,0.66598,0.67251,0.66954,0.60419,0.51151,0.36834,0.25724,0.19011,0.17288,0.16278
461,0.28219,0.31665,0.37547,0.46398,0.5834,0.62379,0.65231,0.66895,0.67548,0.6731,0.60775,0.51448,0.37131,0.25962,0.19308,0.17585,0.16635
462,0.28635,0.31903,0.37784,0.46636,0.58637,0.62677,0.65528,0.67251,0.67905,0.67607,0.61132,0.51805,0.37487,0.26318,0.19605,0.17882,0.16932
463,0.28992,0.32081,0.37962,0.46874,0.58874,0.62974,0.65825,0.67548,0.68202,0.67964,0.61429,0.52102,0.37784,0.26615,0.19961,0.18239,0.17288
464,0.29407,0.32319,0.38141,0.47052,0.59112,0.63152,0.66063,0.67786,0.68439,0.68202,0.61726,0.52399,0.38081,0.26912,0.20258,0.18536,0.17644
465,0.29823,0.32497,0.38259,0.4723,0.5929,0.63389,0.66241,0.68023,0.68677,0.68499,0.61964,0.52696,0.38378,0.27269,0.20615,0.18951,0.18001
466,0.30239,0.32675,0.38438,0.47349,0.59468,0.63568,0.66479,0.68261,0.68914,0.68677,0.62261,0.52993,0.38735,0.27625,0.21031,0.19367,0.18476
467,0.30655,0.32853,0.38556,0.47468,0.59647,0.63746,0.66657,0.68439,0.69152,0.68914,0.62498,0.5323,0.39032,0.27982,0.21447,0.19783,0.18892
468,0.31012,0.33031,0.38675,0.47587,0.59765,0.63865,0.66776,0.68558,0.69271,0.69093,0.62677,0.53468,0.39388,0.28398,0.21863,0.20199,0.19367
469,0.31427,0.3321,0.38794,0.47705,0.59884,0.63984,0.66895,0.68677,0.69449,0.69271,0.62914,0.53765,0.39745,0.28813,0.22338,0.20674,0.19902
470,0.31784,0.33328,0.38854,0.47765,0.60003,0.64102,0.67013,0.68796,0.69568,0.6939,0.63092,0.54003,0.40042,0.29229,0.22813,0.21209,0.20377
471,0.3214,0.33447,0.38913,0.47824,0.60063,0.64162,0.67073,0.68855,0.69627,0.69449,0.63211,0.5424,0.40398,0.29645,0.23288,0.21744,0.20912
472,0.32497,0.33626,0.38972,0.47884,0.60063,0.64221,0.67132,0.68914,0.69687,0.69568,0.63389,0.54419,0.40755,0.3012,0.23823,0.22278,0.21506
473,0.32853,0.33744,0.39032,0.47884,0.60122,0.64221,0.67132,0.68914,0.69746,0.69627,0.63508,0.54656,0.41111,0.30596,0.24417,0.22872,0.2216
474,0.3321,0.33804,0.39091,0.47884,0.60122,0.64221,0.67132,0.68914,0.69746,0.69627,0.63568,0.54894,0.41527,0.31071,0.25011,0.23467,0.22813
475,0.33566,0.33923,0.39091,0.47884,0.60063,0.64162,0.67073,0.68855,0.69687,0.69627,0.63686,0.55072,0.41883,0.31606,0.25605,0.2412,0.23467
476,0.33863,0.34041,0.39091,0.47824,0.60003,0.64102,0.67013,0.68796,0.69627,0.69627,0.63746,0.5525,0.4224,0.3214,0.26259,0.24774,0.24179
477,0.3422,0.34101,0.39091,0.47765,0.59944,0.64043,0.66954,0.68736,0.69568,0.69509,0.63805,0.55429,0.42656,0.32734,0.26912,0.25486,0.24892
478,0.34517,0.3416,0.39032,0.47705,0.59825,0.63865,0.66776,0.68558,0.69449,0.69449,0.63805,0.55607,0.43072,0.33328,0.27625,0.26259,0.25724
479,0.34754,0.3416,0.38972,0.47587,0.59647,0.63746,0.66598,0.6838,0.69271,0.6933,0.63805,0.55726,0.43428,0.33923,0.28398,0.27031,0.26496
480,0.35051,0.3422,0.38913,0.47468,0.59468,0.63508,0.66419,0.68202,0.69033,0.69152,0.63746,0.55904,0.43844,0.34517,0.2911,0.27863,0.27328
481,0.35289,0.3422,0.38854,0.4729,0.5929,0.63271,0.66182,0.67905,0.68796,0.68914,0.63686,0.56023,0.4426,0.3517,0.29883,0.28635,0.28219
482,0.35527,0.3422,0.38735,0.47111,0.58993,0.62974,0.65825,0.67607,0.68499,0.68677,0.63568,0.56082,0.44676,0.35824,0.30714,0.29526,0.2911
483,0.35764,0.3416,0.38556,0.46874,0.58756,0.62677,0.65528,0.67251,0.68202,0.6838,0.63389,0.56201,0.45091,0.36537,0.31606,0.30477,0.3012
484,0.35942,0.34101,0.38378,0.46636,0.58399,0.6232,0.65112,0.66895,0.67786,0.68023,0.63271,0.5626,0.45507,0.3719,0.32497,0.31368,0.31071
485,0.36121,0.34041,0.382,0.46339,0.58043,0.61904,0.64696,0.66419,0.6737,0.67607,0.63033,0.5626,0.45923,0.37962,0.33447,0.32378,0.3214
486,0.3624,0.33923,0.37962,0.45983,0.57627,0.61429,0.64221,0.65944,0.66895,0.67192,0.62795,0.5632,0.46339,0.38675,0.34338,0.33388,0.3315
487,0.36418,0.33863,0.37725,0.45686,0.57151,0.60894,0.63686,0.65409,0.6636,0.66716,0.62498,0.5626,0.46755,0.39448,0.35348,0.34457,0.34279
488,0.36537,0.33685,0.37487,0.4527,0.56617,0.6036,0.63092,0.64815,0.65766,0.66182,0.62201,0.5626,0.47171,0.40161,0.36299,0.35467,0.35348
489,0.36596,0.33566,0.3719,0.44854,0.56082,0.59765,0.62439,0.64162,0.65172,0.65588,0.61845,0.56201,0.47587,0.40992,0.37368,0.36537,0.36537
490,0.36655,0.33328,0.36834,0.44379,0.55488,0.59112,0.61785,0.63449,0.64459,0.64993,0.61429,0.56142,0.48003,0.41765,0.38378,0.37665,0.37665
491,0.36715,0.3315,0.36477,0.43903,0.54835,0.58399,0.61013,0.62677,0.63746,0.64281,0.61013,0.56023,0.48418,0.42596,0.39507,0.38854,0.38913
492,0.36715,0.32913,0.36121,0.43369,0.54181,0.57686,0.603,0.61904,0.62974,0.63568,0.60538,0.55904,0.48834,0.43428,0.40576,0.39982,0.40101
493,0.36715,0.32675,0.35705,0.42775,0.53468,0.56914,0.59468,0.61072,0.62142,0.62795,0.60003,0.55726,0.49191,0.4426,0.41705,0.4117,0.41349
494,0.36655,0.32378,0.35289,0.4224,0.52755,0.56142,0.58637,0.60241,0.6131,0.62023,0.59468,0.55607,0.49607,0.45091,0.42775,0.42418,0.42596
495,0.36596,0.32081,0.34814,0.41586,0.51923,0.5525,0.57746,0.5929,0.60419,0.61132,0.58934,0.55429,0.50022,0.45983,0.43963,0.43666,0.43963
496,0.36477,0.31784,0.34338,0.40992,0.51151,0.54419,0.56854,0.58399,0.59528,0.603,0.5834,0.5525,0.50438,0.46814,0.45151,0.44913,0.4527
497,0.36299,0.31427,0.33863,0.40339,0.50319,0.53528,0.55904,0.57389,0.58577,0.59409,0.57746,0.55072,0.50854,0.47705,0.46339,0.4622,0.46636
498,0.36121,0.31071,0.33328,0.39685,0.49488,0.52636,0.54953,0.56498,0.57627,0.58518,0.57151,0.54894,0.5127,0.48656,0.47587,0.47527,0.48003
499,0.35942,0.30714,0.32853,0.38972,0.48656,0.51686,0.54003,0.55488,0.56676,0.57627,0.56557,0.54716,0.51745,0.49607,0.48894,0.48894,0.49428
500,0.35705,0.30299,0.32319,0.38319,0.47765,0.50735,0.53052,0.54478,0.55666,0.56736,0.55963,0.54537,0.52221,0.50557,0.50141,0.5026,0.50854
501,0.35408,0.29883,0.31784,0.37606,0.46874,0.49785,0.52042,0.53468,0.54716,0.55785,0.55369,0.54359,0.52755,0.51626,0.51567,0.51745,0.52399
502,0.35051,0.29467,0.3119,0.36893,0.45983,0.48834,0.50973,0.52458,0.53706,0.54835,0.54775,0.5424,0.53349,0.52815,0.53052,0.53349,0.54062
503,0.34695,0.28992,0.30655,0.3618,0.45091,0.47824,0.50022,0.51389,0.52696,0.53884,0.54181,0.54122,0.53943,0.54003,0.54656,0.55013,0.55785
504,0.3422,0.28516,0.30061,0.35467,0.44141,0.46874,0.48953,0.50379,0.51626,0.52933,0.53587,0.54062,0.54656,0.5531,0.5632,0.56795,0.57627
505,0.33744,0.28041,0.29467,0.34754,0.4325,0.45864,0.47943,0.49309,0.50616,0.51983,0.53052,0.54003,0.55369,0.56676,0.58102,0.58637,0.59587
506,0.33269,0.27566,0.28932,0.34041,0.42359,0.44913,0.46993,0.483,0.49666,0.51092,0.52518,0.54062,0.56201,0.58043,0.59825,0.60538,0.61548
507,0.32675,0.27031,0.28338,0.33328,0.41468,0.44022,0.45983,0.47349,0.48715,0.50201,0.52042,0.54062,0.57033,0.59528,0.61726,0.62498,0.63568
508,0.32021,0.26496,0.27744,0.32616,0.40576,0.43012,0.44973,0.4628,0.47705,0.49309,0.51567,0.54122,0.57983,0.61132,0.63746,0.64637,0.65766
509,0.31368,0.25962,0.27209,0.31903,0.39685,0.42062,0.43963,0.4527,0.46696,0.48418,0.51092,0.5424,0.58934,0.62736,0.65825,0.66776,0.67964
510,0.30655,0.25427,0.26615,0.3119,0.38794,0.41111,0.43012,0.44319,0.45745,0.47527,0.50616,0.54359,0.59884,0.64399,0.67845,0.68974,0.70162
511,0.29883,0.24833,0.26021,0.30536,0.37962,0.4022,0.42062,0.43309,0.44854,0.46696,0.50201,0.54478,0.60894,0.66063,0.69924,0.71172,0.7242
512,0.29051,0.24239,0.25427,0.29823,0.37071,0.39269,0.41111,0.42299,0.43903,0.45804,0.49725,0.54656,0.61904,0.67786,0.72123,0.7343,0.74796
513,0.28219,0.23704,0.24833,0.2911,0.3624,0.38378,0.40161,0.41349,0.42953,0.44973,0.49369,0.54775,0.62974,0.69509,0.74261,0.75687,0.77113
514,0.27269,0.23051,0.24239,0.28398,0.35348,0.37428,0.39151,0.40398,0.42002,0.44082,0.48894,0.55013,0.64043,0.7135,0.76459,0.78004,0.79549
515,0.26378,0.22457,0.23645,0.27685,0.34457,0.36477,0.382,0.39388,0.41052,0.4325,0.48537,0.55191,0.65172,0.73133,0.78717,0.8044,0.81984
516,0.25368,0.21803,0.23051,0.26972,0.33626,0.35586,0.37249,0.38438,0.40101,0.42418,0.48121,0.55429,0.663,0.75034,0.81093,0.82876,0.84539
517,0.24417,0.21209,0.22457,0.26318,0.32734,0.34635,0.3624,0.37428,0.3921,0.41586,0.47765,0.55666,0.67548,0.76994,0.8347,0.85371,0.87094
518,0.23467,0.20556,0.21863,0.25605,0.31903,0.33744,0.35348,0.36477,0.38259,0.40755,0.47408,0.55963,0.68796,0.78955,0.85905,0.87925,0.89708
519,0.22516,0.19902,0.21268,0.24952,0.31071,0.32853,0.34398,0.35527,0.37368,0.39923,0.47111,0.5626,0.70043,0.80975,0.88341,0.9048,0.92381
520,0.21506,0.19308,0.20674,0.24239,0.3018,0.31903,0.33447,0.34576,0.36418,0.39091,0.46755,0.56617,0.7141,0.83173,0.90955,0.93213,0.95173
521,0.20496,0.18654,0.2008,0.23526,0.29289,0.30952,0.32437,0.33566,0.35467,0.38259,0.46458,0.57033,0.72895,0.8543,0.93747,0.96124,0.98144
522,0.19546,0.1806,0.19486,0.22872,0.28457,0.30061,0.31546,0.32616,0.34576,0.37487,0.46161,0.57449,0.74321,0.87688,0.96421,0.98916,1.01
523,0.18654,0.17407,0.18892,0.2216,0.27625,0.2917,0.30596,0.31665,0.33685,0.36655,0.45864,0.57864,0.75806,0.89945,0.99154,1.0177,1.0391
524,0.17704,0.16813,0.18298,0.21447,0.26734,0.28219,0.29586,0.30655,0.32734,0.35824,0.45567,0.58221,0.77232,0.92143,1.0189,1.0468,1.0682
525,0.16753,0.16159,0.17644,0.20674,0.25843,0.27269,0.28576,0.29645,0.31784,0.34992,0.4527,0.58637,0.78776,0.9452,1.0468,1.0759,1.0985
526,0.15922,0.15565,0.1705,0.20021,0.24952,0.26318,0.27625,0.28635,0.30833,0.3416,0.44913,0.58993,0.80083,0.96599,1.0723,1.102,1.1252
527,0.1503,0.14971,0.16456,0.19308,0.24061,0.25368,0.26615,0.27625,0.29823,0.33269,0.44497,0.59231,0.81272,0.9856,1.0961,1.127,1.1502
528,0.14199,0.14377,0.15862,0.18595,0.2317,0.24417,0.25665,0.26675,0.28873,0.32378,0.44082,0.59409,0.824,1.0028,1.1175,1.1496,1.1739
529,0.13486,0.13783,0.15268,0.17882,0.22278,0.23467,0.24655,0.25665,0.27922,0.31487,0.43606,0.59409,0.83054,1.0141,1.13,1.162,1.1858
530,0.12654,0.13189,0.14615,0.1711,0.21328,0.22457,0.23585,0.24536,0.26853,0.30536,0.43012,0.5929,0.83648,1.023,1.1401,1.1715,1.1959
531,0.11941,0.12595,0.14021,0.16397,0.20496,0.21565,0.22635,0.23585,0.25902,0.29586,0.42418,0.59171,0.84183,1.0337,1.1531,1.1846,1.2096
532,0.11228,0.1206,0.13367,0.15684,0.19546,0.20556,0.21684,0.22575,0.24892,0.28635,0.41765,0.58934,0.84539,1.042,1.1638,1.1965,1.2209
533,0.10575,0.11525,0.12773,0.14912,0.18654,0.19605,0.20674,0.21565,0.23882,0.27685,0.41111,0.58637,0.84836,1.0486,1.1721,1.206,1.2304
534,0.099213,0.10991,0.12238,0.14258,0.17763,0.18654,0.19664,0.20556,0.22932,0.26793,0.40398,0.5828,0.84955,1.0539,1.1799,1.2137,1.2381
535,0.093272,0.10456,0.11644,0.13545,0.16932,0.17763,0.18714,0.19605,0.21922,0.25843,0.39685,0.57924,0.85074,1.0581,1.1864,1.2209,1.2452
536,0.087331,0.099213,0.1105,0.12832,0.1604,0.16872,0.17763,0.18654,0.20971,0.24892,0.39032,0.57508,0.85074,1.0616,1.1917,1.2268,1.2517
537,0.081984,0.09446,0.10515,0.12179,0.15209,0.15981,0.16872,0.17704,0.2008,0.24001,0.38319,0.57151,0.85133,1.0652,1.1971,1.2321,1.2577
538,0.077232,0.089708,0.099807,0.11525,0.14436,0.1509,0.15922,0.16753,0.1913,0.2311,0.37665,0.56736,0.85193,1.0694,1.2024,1.2375,1.2648
539,0.072479,0.084955,0.09446,0.10872,0.13605,0.14199,0.1503,0.15803,0.18239,0.22278,0.37012,0.56439,0.85311,1.0735,1.2084,1.244,1.2702
540,0.067726,0.080202,0.089114,0.10218,0.12773,0.13367,0.14199,0.14971,0.17347,0.21387,0.36418,0.56142,0.8549,1.0789,1.2155,1.2517,1.2779
541,0.063568,0.076044,0.083767,0.096243,0.1206,0.12595,0.13367,0.1408,0.16516,0.20615,0.35883,0.55963,0.85787,1.0848,1.2232,1.2595,1.2862
542,0.059409,0.071885,0.079014,0.090302,0.11288,0.11822,0.12535,0.13308,0.15743,0.19902,0.35408,0.55904,0.86262,1.0937,1.2327,1.2696,1.2969
543,0.055844,0.067726,0.074261,0.084361,0.10575,0.1105,0.11763,0.12476,0.14971,0.19189,0.35051,0.55963,0.86975,1.105,1.2464,1.2826,1.31
544,0.05228,0.064162,0.070103,0.079014,0.099213,0.10337,0.1105,0.11763,0.14258,0.18536,0.34814,0.56201,0.87925,1.1181,1.2613,1.2987,1.3248
545,0.048715,0.060597,0.06535,0.074261,0.092678,0.096243,0.10337,0.1105,0.13605,0.17942,0.34635,0.56617,0.89054,1.1347,1.2803,1.3171,1.3432
546,0.045745,0.057033,0.061191,0.068914,0.086737,0.089708,0.096837,0.10337,0.12951,0.17466,0.34576,0.57151,0.9048,1.1543,1.3011,1.3385,1.3634
547,0.042775,0.053468,0.057627,0.064756,0.080796,0.083767,0.090302,0.097431,0.12416,0.16991,0.34635,0.57864,0.92143,1.1769,1.3236,1.3605,1.3866
548,0.039804,0.050498,0.054062,0.060003,0.075449,0.07842,0.084361,0.09149,0.11882,0.16575,0.34754,0.58696,0.94045,1.2007,1.3486,1.3842,1.4098
549,0.037428,0.048121,0.050498,0.055844,0.070103,0.073073,0.079014,0.086143,0.11407,0.16219,0.34992,0.59706,0.96064,1.2256,1.3741,1.4098,1.4341
550,0.035051,0.045151,0.047527,0.05228,0.06535,0.067726,0.074261,0.08139,0.10931,0.15922,0.35289,0.60775,0.98203,1.2529,1.4003,1.4359,1.4591
551,0.033269,0.042775,0.044557,0.048715,0.061191,0.063568,0.069509,0.076638,0.10575,0.15684,0.35645,0.61904,1.0034,1.2791,1.4264,1.4615,1.4817
552,0.030893,0.040398,0.041586,0.045151,0.057033,0.058815,0.064756,0.071885,0.10159,0.15446,0.36002,0.63092,1.026,1.3058,1.4508,1.484,1.506
553,0.02911,0.038022,0.038616,0.04218,0.052874,0.054656,0.060597,0.067726,0.098619,0.15209,0.36358,0.64162,1.0474,1.3302,1.4733,1.5048,1.5262
554,0.027328,0.03624,0.03624,0.03921,0.049309,0.051092,0.057033,0.064162,0.095649,0.1503,0.36774,0.65231,1.0676,1.3533,1.4941,1.5244,1.5429
555,0.025546,0.033863,0.034457,0.036834,0.046339,0.048121,0.053468,0.060597,0.092678,0.14912,0.37071,0.663,1.0866,1.3735,1.5108,1.5417,1.5589
556,0.024358,0.032081,0.032081,0.034457,0.043369,0.044557,0.050498,0.057627,0.090302,0.14733,0.37428,0.67192,1.1032,1.392,1.5262,1.5559,1.5708
557,0.02317,0.030893,0.030299,0.032081,0.040398,0.04218,0.047527,0.05525,0.087925,0.14615,0.37665,0.68023,1.1187,1.408,1.5387,1.5672,1.5844
558,0.021981,0.02911,0.028516,0.030299,0.038022,0.03921,0.044557,0.05228,0.085549,0.14496,0.37962,0.68796,1.1329,1.4223,1.55,1.5779,1.5922
559,0.020793,0.027922,0.027328,0.028516,0.035645,0.036834,0.042775,0.049904,0.083767,0.14377,0.382,0.69449,1.1448,1.4347,1.5607,1.5856,1.6005
560,0.019605,0.026734,0.025546,0.026734,0.033863,0.035051,0.040398,0.047527,0.081984,0.14258,0.38438,0.70103,1.1567,1.4454,1.5708,1.5928,1.607
561,0.019011,0.025546,0.024358,0.024952,0.032081,0.032675,0.038616,0.045745,0.080202,0.14199,0.38675,0.70816,1.1692,1.4579,1.5785,1.6011,1.6141
562,0.017823,0.024952,0.02317,0.023764,0.030299,0.030893,0.036834,0.043963,0.079014,0.14199,0.39032,0.71588,1.1822,1.4692,1.5856,1.6076,1.6225
563,0.017229,0.023764,0.021981,0.022575,0.028516,0.029705,0.035051,0.042775,0.077826,0.14139,0.39448,0.72538,1.1977,1.4828,1.5957,1.6159,1.6266
564,0.016635,0.022575,0.021387,0.021387,0.027328,0.027922,0.033269,0.040992,0.077232,0.14199,0.39923,0.73667,1.2155,1.4971,1.6023,1.6231,1.6373
565,0.015446,0.021981,0.020199,0.020199,0.025546,0.026734,0.032081,0.039804,0.076638,0.14318,0.40576,0.74974,1.2357,1.5137,1.613,1.6326,1.6409
566,0.014852,0.021387,0.019011,0.019011,0.024358,0.025546,0.030893,0.038616,0.076638,0.14436,0.41289,0.76519,1.2583,1.5304,1.6236,1.6397,1.648
567,0.014258,0.020793,0.018417,0.018417,0.023764,0.024358,0.029705,0.038022,0.076638,0.14555,0.42062,0.78063,1.2803,1.5464,1.6343,1.648,1.6557
568,0.014258,0.019605,0.017823,0.017823,0.022575,0.02317,0.02911,0.037428,0.076638,0.14733,0.42893,0.79608,1.3028,1.5631,1.6415,1.6545,1.6593
569,0.013664,0.019011,0.017229,0.017229,0.021387,0.022575,0.027922,0.03624,0.076638,0.14852,0.43666,0.81153,1.3248,1.5767,1.6486,1.6587,1.6646
570,0.01307,0.018417,0.016635,0.01604,0.020793,0.021387,0.027328,0.035645,0.076638,0.1503,0.44319,0.8246,1.3426,1.5868,1.6522,1.6635,1.6682
571,0.012476,0.018417,0.01604,0.015446,0.020199,0.020793,0.02614,0.035051,0.076638,0.1509,0.44854,0.83529,1.3569,1.5945,1.6551,1.6664,1.6718
572,0.012476,0.017823,0.015446,0.014852,0.019605,0.020199,0.025546,0.034457,0.076044,0.1509,0.45151,0.84183,1.3652,1.5993,1.6569,1.6694,1.6718
573,0.011882,0.017229,0.014852,0.014258,0.019011,0.019605,0.024952,0.033269,0.075449,0.1503,0.45091,0.84242,1.367,1.5993,1.6557,1.667,1.67
574,0.011288,0.016635,0.014852,0.014258,0.017823,0.018417,0.024358,0.032675,0.074261,0.14912,0.44735,0.83648,1.3599,1.5951,1.6545,1.6664,1.6682
575,0.011288,0.016635,0.014258,0.013664,0.017229,0.017823,0.02317,0.032081,0.072479,0.14555,0.43903,0.82163,1.3421,1.5833,1.651,1.6629,1.6664
576,0.010694,0.01604,0.013664,0.01307,0.017229,0.017229,0.022575,0.030893,0.070103,0.14139,0.42656,0.79905,1.3135,1.5672,1.6415,1.6545,1.6629
577,0.010694,0.015446,0.013664,0.01307,0.016635,0.016635,0.021981,0.029705,0.067726,0.13605,0.40933,0.76697,1.2696,1.5381,1.6266,1.6421,1.651
578,0.0101,0.015446,0.01307,0.012476,0.01604,0.01604,0.021387,0.028516,0.064162,0.12892,0.38735,0.72598,1.2102,1.4929,1.5987,1.6213,1.6314
579,0.0101,0.014852,0.012476,0.011882,0.015446,0.01604,0.020199,0.027328,0.060597,0.12119,0.3618,0.67905,1.1389,1.4312,1.5571,1.5833,1.6017
580,0.0095054,0.014852,0.012476,0.011882,0.014852,0.015446,0.019605,0.02614,0.056439,0.11228,0.33388,0.62558,1.0557,1.348,1.4935,1.5274,1.5506
581,0.0095054,0.014258,0.011882,0.011288,0.014258,0.014852,0.018417,0.024358,0.05228,0.10218,0.30239,0.56676,0.95886,1.2434,1.4009,1.4425,1.4716
582,0.0095054,0.014258,0.011882,0.010694,0.014258,0.014258,0.017823,0.02317,0.048121,0.092084,0.27031,0.50616,0.85787,1.124,1.2826,1.3278,1.3617
583,0.0089114,0.013664,0.011288,0.010694,0.013664,0.013664,0.017229,0.021981,0.043963,0.082579,0.23882,0.44735,0.75925,1.0004,1.1537,1.1989,1.2345
584,0.0089114,0.013664,0.011288,0.010694,0.01307,0.01307,0.01604,0.020199,0.039804,0.073667,0.20971,0.39091,0.66419,0.87925,1.0206,1.0634,1.0997
585,0.0089114,0.01307,0.010694,0.0101,0.01307,0.012476,0.015446,0.019011,0.03624,0.06535,0.18239,0.33863,0.57449,0.764,0.89114,0.93035,0.96421
586,0.0083173,0.01307,0.010694,0.0101,0.012476,0.012476,0.014852,0.018417,0.032675,0.057627,0.15803,0.2917,0.4925,0.65706,0.76935,0.8044,0.83589
587,0.0083173,0.012476,0.010694,0.0095054,0.012476,0.011882,0.014258,0.017229,0.029705,0.051092,0.13664,0.25011,0.42121,0.56142,0.66003,0.69152,0.72123
588,0.0083173,0.012476,0.0101,0.0095054,0.011882,0.011882,0.013664,0.01604,0.026734,0.045151,0.11763,0.21387,0.35883,0.47824,0.56439,0.59231,0.61964
589,0.0077232,0.012476,0.0101,0.0089114,0.011882,0.011288,0.01307,0.015446,0.024952,0.040398,0.10159,0.18357,0.30596,0.40814,0.483,0.50795,0.5323
590,0.0077232,0.011882,0.0101,0.0089114,0.011288,0.010694,0.012476,0.014852,0.022575,0.03624,0.088519,0.15803,0.2614,0.34933,0.41408,0.43606,0.45745
591,0.0077232,0.011882,0.0095054,0.0089114,0.011288,0.010694,0.012476,0.014258,0.020793,0.032675,0.077232,0.13605,0.22397,0.29942,0.35645,0.37547,0.39448
592,0.0071291,0.011288,0.0095054,0.0083173,0.010694,0.0101,0.011882,0.013664,0.019605,0.02911,0.067726,0.11822,0.19249,0.25784,0.30774,0.32497,0.3422
593,0.0071291,0.011288,0.0089114,0.0083173,0.010694,0.0101,0.011288,0.01307,0.018417,0.026734,0.059409,0.10278,0.16635,0.22278,0.26734,0.28279,0.29823
594,0.0071291,0.011288,0.0089114,0.0083173,0.0101,0.0095054,0.011288,0.012476,0.017229,0.024358,0.052874,0.090896,0.14496,0.19367,0.23348,0.24714,0.26199
595,0.0071291,0.010694,0.0089114,0.0077232,0.0101,0.0095054,0.010694,0.011882,0.01604,0.022575,0.047527,0.080202,0.12714,0.16991,0.20556,0.21803,0.2317
596,0.006535,0.010694,0.0089114,0.0077232,0.0101,0.0089114,0.010694,0.011288,0.015446,0.021387,0.042775,0.071885,0.11228,0.14971,0.18179,0.19367,0.20615
597,0.006535,0.010694,0.0083173,0.0077232,0.0095054,0.0089114,0.0101,0.011288,0.014852,0.019605,0.03921,0.064162,0.099807,0.13308,0.16219,0.17288,0.18476
598,0.006535,0.0101,0.0083173,0.0077232,0.0095054,0.0089114,0.0101,0.010694,0.014258,0.018417,0.035645,0.057627,0.089114,0.11882,0.14496,0.15506,0.16575
599,0.006535,0.0101,0.0083173,0.0071291,0.0089114,0.0083173,0.0095054,0.010694,0.013664,0.017229,0.032675,0.05228,0.079608,0.10634,0.13011,0.13902,0.14971
600,0.0059409,0.0101,0.0077232,0.0071291,0.0089114,0.0083173,0.0095054,0.0101,0.01307,0.016635,0.029705,0.047527,0.071291,0.095054,0.11704,0.12535,0.13486
601,0.0059409,0.0095054,0.0077232,0.0071291,0.0089114,0.0083173,0.0089114,0.0101,0.012476,0.015446,0.027328,0.042775,0.063568,0.084955,0.10515,0.11288,0.12179
602,0.0059409,0.0095054,0.0077232,0.006535,0.0089114,0.0077232,0.0089114,0.0095054,0.011882,0.014852,0.025546,0.03921,0.057627,0.076638,0.095054,0.10278,0.11109
603,0.0059409,0.0095054,0.0077232,0.006535,0.0083173,0.0077232,0.0089114,0.0095054,0.011288,0.014258,0.023764,0.035645,0.051686,0.068914,0.086143,0.092678,0.101
604,0.0059409,0.0095054,0.0071291,0.006535,0.0083173,0.0077232,0.0083173,0.0089114,0.011288,0.013664,0.021981,0.032675,0.046339,0.062379,0.07842,0.084361,0.092084
605,0.0053468,0.0089114,0.0071291,0.006535,0.0083173,0.0071291,0.0083173,0.0089114,0.010694,0.01307,0.020793,0.030299,0.04218,0.056439,0.071291,0.077232,0.084361
606,0.0053468,0.0089114,0.0071291,0.006535,0.0077232,0.0071291,0.0083173,0.0089114,0.010694,0.012476,0.019011,0.027922,0.038022,0.051092,0.064756,0.070697,0.077232
607,0.0053468,0.0089114,0.0071291,0.0059409,0.0077232,0.0071291,0.0077232,0.0083173,0.0101,0.011882,0.017823,0.025546,0.034457,0.046339,0.059409,0.064756,0.070697
608,0.0053468,0.0083173,0.006535,0.0059409,0.0077232,0.006535,0.0077232,0.0083173,0.0095054,0.011288,0.016635,0.023764,0.031487,0.04218,0.054062,0.059409,0.064756
609,0.0047527,0.0083173,0.006535,0.0059409,0.0077232,0.006535,0.0077232,0.0077232,0.0095054,0.010694,0.01604,0.021981,0.02911,0.038616,0.049904,0.054656,0.060003
610,0.0047527,0.0083173,0.006535,0.0059409,0.0071291,0.006535,0.0071291,0.0077232,0.0089114,0.010694,0.014852,0.020793,0.026734,0.035645,0.045745,0.050498,0.05525
611,0.0047527,0.0083173,0.006535,0.0059409,0.0071291,0.006535,0.0071291,0.0077232,0.0089114,0.0101,0.014258,0.019605,0.024358,0.032675,0.04218,0.046339,0.051686
612,0.0047527,0.0083173,0.006535,0.0053468,0.0071291,0.0059409,0.0071291,0.0071291,0.0089114,0.0095054,0.013664,0.018417,0.022575,0.030299,0.03921,0.043369,0.048121
613,0.0047527,0.0077232,0.0059409,0.0053468,0.0071291,0.0059409,0.006535,0.0071291,0.0083173,0.0095054,0.01307,0.017229,0.020793,0.027922,0.03624,0.040398,0.044557
614,0.0047527,0.0077232,0.0059409,0.0053468,0.006535,0.0059409,0.006535,0.0071291,0.0083173,0.0089114,0.012476,0.01604,0.019011,0.02614,0.033863,0.037428,0.041586
615,0.0047527,0.0077232,0.0059409,0.0053468,0.006535,0.0059409,0.006535,0.0071291,0.0077232,0.0089114,0.011882,0.015446,0.017823,0.024358,0.032081,0.035051,0.03921
616,0.0041586,0.0077232,0.0059409,0.0053468,0.006535,0.0053468,0.006535,0.006535,0.0077232,0.0083173,0.011288,0.014852,0.016635,0.022575,0.029705,0.033269,0.036834
617,0.0041586,0.0071291,0.0059409,0.0053468,0.006535,0.0053468,0.0059409,0.006535,0.0077232,0.0083173,0.010694,0.013664,0.01604,0.021387,0.028516,0.031487,0.035051
618,0.0041586,0.0071291,0.0053468,0.0047527,0.0059409,0.0053468,0.0059409,0.006535,0.0071291,0.0083173,0.010694,0.01307,0.014852,0.020199,0.026734,0.029705,0.033269
619,0.0041586,0.0071291,0.0053468,0.0047527,0.0059409,0.0053468,0.0059409,0.006535,0.0071291,0.0077232,0.0101,0.012476,0.014258,0.019011,0.025546,0.027922,0.031487
620,0.0041586,0.0071291,0.0053468,0.0047527,0.0059409,0.0053468,0.0059409,0.0059409,0.0071291,0.0077232,0.0095054,0.012476,0.01307,0.017823,0.023764,0.026734,0.029705
621,0.0041586,0.006535,0.0053468,0.0047527,0.0059409,0.0053468,0.0059409,0.0059409,0.0071291,0.0077232,0.0095054,0.011882,0.012476,0.017229,0.022575,0.025546,0.028516
622,0.0035645,0.006535,0.0053468,0.0047527,0.0059409,0.0047527,0.0053468,0.0059409,0.006535,0.0071291,0.0089114,0.011288,0.011882,0.01604,0.021387,0.024358,0.027328
623,0.0035645,0.006535,0.0053468,0.0047527,0.0053468,0.0047527,0.0053468,0.0059409,0.006535,0.0071291,0.0089114,0.010694,0.011288,0.015446,0.020793,0.02317,0.025546
624,0.0035645,0.006535,0.0047527,0.0047527,0.0053468,0.0047527,0.0053468,0.0053468,0.006535,0.006535,0.0083173,0.010694,0.010694,0.014852,0.019605,0.021981,0.024358
625,0.0035645,0.006535,0.0047527,0.0041586,0.0053468,0.0047527,0.0053468,0.0053468,0.0059409,0.006535,0.0083173,0.0101,0.0101,0.014258,0.019011,0.020793,0.023764
626,0.0035645,0.0059409,0.0047527,0.0041586,0.0053468,0.0047527,0.0047527,0.0053468,0.0059409,0.006535,0.0077232,0.0095054,0.0101,0.01307,0.017823,0.020199,0.022575
627,0.0035645,0.0059409,0.0047527,0.0041586,0.0053468,0.0041586,0.0047527,0.0053468,0.0059409,0.0059409,0.0077232,0.0095054,0.0095054,0.012476,0.017229,0.019011,0.021387
628,0.0035645,0.0059409,0.0047527,0.0041586,0.0047527,0.0041586,0.0047527,0.0047527,0.0053468,0.0059409,0.0071291,0.0089114,0.0089114,0.011882,0.01604,0.018417,0.020793
629,0.0029705,0.0059409,0.0041586,0.0041586,0.0047527,0.0041586,0.0047527,0.0047527,0.0053468,0.0059409,0.0071291,0.0083173,0.0083173,0.011288,0.015446,0.017823,0.019605
630,0.0029705,0.0053468,0.0041586,0.0035645,0.0047527,0.0041586,0.0041586,0.0047527,0.0053468,0.0059409,0.0071291,0.0083173,0.0077232,0.011288,0.014852,0.016635,0.019011
631,0.0029705,0.0053468,0.0041586,0.0035645,0.0047527,0.0035645,0.0041586,0.0047527,0.0053468,0.0053468,0.006535,0.0077232,0.0077232,0.010694,0.014258,0.01604,0.017823
632,0.0029705,0.0053468,0.0041586,0.0035645,0.0047527,0.0035645,0.0041586,0.0041586,0.0047527,0.0053468,0.006535,0.0077232,0.0071291,0.0101,0.013664,0.015446,0.017229
633,0.0029705,0.0053468,0.0041586,0.0035645,0.0041586,0.0035645,0.0041586,0.0041586,0.0047527,0.0053468,0.0059409,0.0077232,0.0071291,0.0095054,0.01307,0.014852,0.016635
634,0.0029705,0.0053468,0.0041586,0.0035645,0.0041586,0.0035645,0.0041586,0.0041586,0.0047527,0.0053468,0.0059409,0.0071291,0.006535,0.0095054,0.012476,0.014258,0.01604
635,0.0029705,0.0053468,0.0035645,0.0035645,0.0041586,0.0035645,0.0041586,0.0041586,0.0047527,0.0047527,0.0059409,0.0071291,0.006535,0.0089114,0.011882,0.013664,0.015446
636,0.0023764,0.0047527,0.0035645,0.0035645,0.0041586,0.0035645,0.0035645,0.0041586,0.0041586,0.0047527,0.0053468,0.006535,0.0059409,0.0083173,0.011882,0.01307,0.014852
637,0.0023764,0.0047527,0.0035645,0.0029705,0.0041586,0.0035645,0.0035645,0.0035645,0.0041586,0.0047527,0.0053468,0.006535,0.0059409,0.0083173,0.011288,0.012476,0.014258
638,0.0023764,0.0047527,0.0035645,0.0029705,0.0041586,0.0029705,0.0035645,0.0035645,0.0041586,0.0047527,0.0053468,0.006535,0.0053468,0.0077232,0.010694,0.012476,0.013664
639,0.0023764,0.0047527,0.0035645,0.0029705,0.0035645,0.0029705,0.0035645,0.0035645,0.0041586,0.0041586,0.0053468,0.0059409,0.0053468,0.0077232,0.0101,0.011882,0.01307
640,0.0023764,0.0047527,0.0035645,0.0029705,0.0035645,0.0029705,0.0035645,0.0035645,0.0041586,0.0041586,0.0047527,0.0059409,0.0047527,0.0071291,0.0101,0.011288,0.012476
641,0.0023764,0.0041586,0.0035645,0.0029705,0.0035645,0.0029705,0.0035645,0.0035645,0.0041586,0.0041586,0.0047527,0.0059409,0.0047527,0.0071291,0.0095054,0.010694,0.011882
642,0.0023764,0.0041586,0.0029705,0.0029705,0.0035645,0.0029705,0.0029705,0.0035645,0.0035645,0.0041586,0.0047527,0.0053468,0.0047527,0.006535,0.0095054,0.010694,0.011882
643,0.0023764,0.0041586,0.0029705,0.0029705,0.0035645,0.0029705,0.0029705,0.0035645,0.0035645,0.0041586,0.0047527,0.0053468,0.0041586,0.006535,0.0089114,0.0101,0.011288
644,0.0023764,0.0041586,0.0029705,0.0029705,0.0035645,0.0029705,0.0029705,0.0029705,0.0035645,0.0035645,0.0041586,0.0053468,0.0041586,0.0059409,0.0089114,0.0095054,0.010694
645,0.0023764,0.0041586,0.0029705,0.0023764,0.0035645,0.0023764,0.0029705,0.0029705,0.0035645,0.0035645,0.0041586,0.0047527,0.0041586,0.0059409,0.0083173,0.0095054,0.0101
646,0.0017823,0.0041586,0.0029705,0.0023764,0.0029705,0.0023764,0.0029705,0.0029705,0.0035645,0.0035645,0.0041586,0.0047527,0.0035645,0.0059409,0.0083173,0.0089114,0.0101
647,0.0017823,0.0041586,0.0029705,0.0023764,0.0029705,0.0023764,0.0029705,0.0029705,0.0035645,0.0035645,0.0041586,0.0047527,0.0035645,0.0053468,0.0077232,0.0089114,0.0095054
648,0.0017823,0.0035645,0.0029705,0.0023764,0.0029705,0.0023764,0.0029705,0.0029705,0.0029705,0.0035645,0.0041586,0.0047527,0.0035645,0.0053468,0.0077232,0.0083173,0.0095054
649,0.0017823,0.0035645,0.0029705,0.0023764,0.0029705,0.0023764,0.0023764,0.0029705,0.0029705,0.0029705,0.0035645,0.0041586,0.0035645,0.0053468,0.0071291,0.0083173,0.0089114
650,0.0017823,0.0035645,0.0023764,0.0023764,0.0029705,0.0023764,0.0023764,0.0023764,0.0029705,0.0029705,0.0035645,0.0041586,0.0029705,0.0047527,0.0071291,0.0077232,0.0083173
651,0.0017823,0.0035645,0.0023764,0.0023764,0.0029705,0.0023764,0.0023764,0.0023764,0.0029705,0.0029705,0.0035645,0.0041586,0.0029705,0.0047527,0.006535,0.0077232,0.0083173
652,0.0017823,0.0035645,0.0023764,0.0023764,0.0029705,0.0017823,0.0023764,0.0023764,0.0029705,0.0029705,0.0035645,0.0041586,0.0029705,0.0047527,0.006535,0.0071291,0.0077232
653,0.0017823,0.0035645,0.0023764,0.0017823,0.0023764,0.0017823,0.0023764,0.0023764,0.0029705,0.0029705,0.0029705,0.0041586,0.0029705,0.0041586,0.006535,0.0071291,0.0077232
654,0.0017823,0.0029705,0.0023764,0.0017823,0.0023764,0.0017823,0.0023764,0.0023764,0.0023764,0.0023764,0.0029705,0.0035645,0.0023764,0.0041586,0.0059409,0.006535,0.0071291
655,0.0017823,0.0029705,0.0023764,0.0017823,0.0023764,0.0017823,0.0023764,0.0023764,0.0023764,0.0023764,0.0029705,0.0035645,0.0023764,0.0041586,0.0059409,0.006535,0.0071291
656,0.0011882,0.0029705,0.0023764,0.0017823,0.0023764,0.0017823,0.0017823,0.0023764,0.0023764,0.0023764,0.0029705,0.0035645,0.0023764,0.0035645,0.0059409,0.006535,0.006535
657,0.0011882,0.0029705,0.0017823,0.0017823,0.0023764,0.0017823,0.0017823,0.0017823,0.0023764,0.0023764,0.0029705,0.0035645,0.0023764,0.0035645,0.0053468,0.0059409,0.006535
658,0.0011882,0.0029705,0.0017823,0.0017823,0.0023764,0.0017823,0.0017823,0.0017823,0.0023764,0.0023764,0.0023764,0.0029705,0.0023764,0.0035645,0.0053468,0.0059409,0.0059409
659,0.0011882,0.0029705,0.0017823,0.0017823,0.0023764,0.0017823,0.0017823,0.0017823,0.0023764,0.0023764,0.0023764,0.0029705,0.0017823,0.0035645,0.0053468,0.0053468,0.0059409
660,0.0011882,0.0029705,0.0017823,0.0017823,0.0023764,0.0017823,0.0017823,0.0017823,0.0023764,0.0023764,0.0023764,0.0029705,0.0017823,0.0029705,0.0047527,0.0053468,0.0053468
661,0.0011882,0.0029705,0.0017823,0.0017823,0.0017823,0.0011882,0.0017823,0.0017823,0.0017823,0.0017823,0.0023764,0.0029705,0.0017823,0.0029705,0.0047527,0.0053468,0.0053468
662,0.0011882,0.0023764,0.0017823,0.0017823,0.0017823,0.0011882,0.0017823,0.0017823,0.0017823,0.0017823,0.0023764,0.0029705,0.0017823,0.0029705,0.0047527,0.0047527,0.0053468
663,0.0011882,0.0023764,0.0017823,0.0011882,0.0017823,0.0011882,0.0017823,0.0017823,0.0017823,0.0017823,0.0023764,0.0029705,0.0017823,0.0029705,0.0041586,0.0047527,0.0047527
664,0.0011882,0.0023764,0.0017823,0.0011882,0.0017823,0.0011882,0.0011882,0.0017823,0.0017823,0.0017823,0.0017823,0.0023764,0.0017823,0.0023764,0.0041586,0.0047527,0.0047527
665,0.0011882,0.0023764,0.0017823,0.0011882,0.0017823,0.0011882,0.0011882,0.0017823,0.0017823,0.0017823,0.0017823,0.0023764,0.0017823,0.0023764,0.0041586,0.0041586,0.0047527
666,0.0011882,0.0023764,0.0017823,0.0011882,0.0017823,0.0011882,0.0011882,0.0011882,0.0017823,0.0017823,0.0017823,0.0023764,0.0011882,0.0023764,0.0035645,0.0041586,0.0041586
667,0.00059409,0.0023764,0.0017823,0.0011882,0.0017823,0.0011882,0.0011882,0.0011882,0.0017823,0.0017823,0.0017823,0.0023764,0.0011882,0.0023764,0.0035645,0.0041586,0.0041586
668,0.00059409,0.0023764,0.0011882,0.0011882,0.0017823,0.0011882,0.0011882,0.0011882,0.0017823,0.0011882,0.0017823,0.0023764,0.0011882,0.0023764,0.0035645,0.0035645,0.0035645
669,0.00059409,0.0023764,0.0011882,0.0011882,0.0017823,0.0011882,0.0011882,0.0011882,0.0017823,0.0011882,0.0017823,0.0023764,0.0011882,0.0017823,0.0035645,0.0035645,0.0035645
670,0.00059409,0.0017823,0.0011882,0.0011882,0.0017823,0.0011882,0.0011882,0.0011882,0.0011882,0.0011882,0.0017823,0.0017823,0.0011882,0.0017823,0.0029705,0.0035645,0.0035645
671,0.00059409,0.0017823,0.0011882,0.0011882,0.0011882,0.0011882,0.0011882,0.0011882,0.0011882,0.0011882,0.0017823,0.0017823,0.0011882,0.0017823,0.0029705,0.0035645,0.0035645
672,0.00059409,0.0017823,0.0011882,0.0011882,0.0011882,0.00059409,0.0011882,0.0011882,0.0011882,0.0011882,0.0011882,0.0017823,0.0011882,0.0017823,0.0029705,0.0029705,0.0029705
673,0.00059409,0.0017823,0.0011882,0.0011882,0.0011882,0.00059409,0.0011882,0.0011882,0.0011882,0.0011882,0.0011882,0.0017823,0.0011882,0.0017823,0.0029705,0.0029705,0.0029705
674,0.00059409,0.0017823,0.0011882,0.00059409,0.0011882,0.00059409,0.0011882,0.0011882,0.0011882,0.0011882,0.0011882,0.0017823,0.0011882,0.0011882,0.0023764,0.0029705,0.0029705
675,0.00059409,0.0017823,0.0011882,0.00059409,0.0011882,0.00059409,0.00059409,0.0011882,0.0011882,0.0011882,0.0011882,0.0017823,0.0011882,0.0011882,0.0023764,0.0023764,0.0023764
676,0.00059409,0.0017823,0.0011882,0.00059409,0.0011882,0.00059409,0.00059409,0.0011882,0.0011882,0.0011882,0.0011882,0.0017823,0.0011882,0.0011882,0.0023764,0.0023764,0.0023764
677,0.00059409,0.0017823,0.0011882,0.00059409,0.0011882,0.00059409,0.00059409,0.00059409,0.0011882,0.00059409,0.0011882,0.0011882,0.00059409,0.0011882,0.0023764,0.0023764,0.0023764
678,0.00059409,0.0011882,0.00059409,0.00059409,0.0011882,0.00059409,0.00059409,0.00059409,0.0011882,0.00059409,0.0011882,0.0011882,0.00059409,0.0011882,0.0017823,0.0023764,0.0017823
679,0.00059409,0.0011882,0.00059409,0.00059409,0.0011882,0.00059409,0.00059409,0.00059409,0.00059409,0.00059409,0.0011882,0.0011882,0.00059409,0.00059409,0.0017823,0.0017823,0.0017823
680,0.00059409,0.0011882,0.00059409,0.00059409,0.0011882,0.00059409,0.00059409,0.00059409,0.00059409,0.00059409,0.00059409,0.0011882,0.00059409,0.00059409,0.0017823,0.0017823,0.0017823
681,0.00059409,0.0011882,0.00059409,0.00059409,0.0011882,0.00059409,0.00059409,0.00059409,0.00059409,0.00059409,0.00059409,0.0011882,0.00059409,0.00059409,0.0017823,0.0017823,0.0017823
682,0,0.0011882,0.00059409,0.00059409,0.00059409,0.00059409,0.00059409,0.00059409,0.00059409,0.00059409,0.00059409,0.0011882,0.00059409,0.00059409,0.0017823,0.0017823,0.0011882
683,0,0.0011882,0.00059409,0.00059409,0.00059409,0.00059409,0.00059409,0.00059409,0.00059409,0.00059409,0.00059409,0.0011882,0.00059409,0.00059409,0.0011882,0.0011882,0.0011882
684,0,0.0011882,0.00059409,0.00059409,0.00059409,0,0.00059409,0.00059409,0.00059409,0.00059409,0.00059409,0.0011882,0.00059409,0.00059409,0.0011882,0.0011882,0.0011882
685,0,0.00059409,0.00059409,0.00059409,0.00059409,0,0.00059409,0.00059409,0.00059409,0.00059409,0.00059409,0.00059409,0.00059409,0,0.0011882,0.0011882,0.0011882
686,0,0.00059409,0.00059409,0.00059409,0.00059409,0,0,0,0.00059409,0,0.00059409,0.00059409,0.00059409,0,0.0011882,0.0011882,0.00059409
687,0,0.00059409,0.00059409,0.00059409,0.00059409,0,0,0,0.00059409,0,0.00059409,0.00059409,0.00059409,0,0.0011882,0.0011882,0.00059409
688,0,0.00059409,0.00059409,0.00059409,0.00059409,0,0,0,0.00059409,0,0,0.00059409,0.00059409,0,0.00059409,0.00059409,0.00059409
689,0,0.00059409,0,0,0.00059409,0,0,0,0,0,0,0.00059409,0,0,0.00059409,0.00059409,0.00059409
690,0,0.00059409,0,0,0.00059409,0,0,0,0,0,0,0.00059409,0,0,0.00059409,0.00059409,0
691,0,0,0,0,0.00059409,0,0,0,0,0,0,0.00059409,0,0,0.00059409,0.00059409,0
692,0,0,0,0,0.00059409,0,0,0,0,0,0,0.00059409,0,0,0.00059409,0.00059409,0
693,0,0,0,0,0,0,0,0,0,0,0,0,0,0,0,0,0
694,0,0,0,0,0,0,0,0,0,0,0,0,0,0,0,0,0
695,0,0,0,0,0,0,0,0,0,0,0,0,0,0,0,0,0
696,0,0,0,0,0,0,0,0,0,0,0,0,0,0,0,0,0
697,0,0,0,0,0,0,0,0,0,0,0,0,0,0,0,0,0
698,0,0,0,0,0,0,0,0,0,0,0,0,0,0,0,0,0
699,0,0,0,0,0,0,0,0,0,0,0,0,0,0,0,0,0
700,0,0,0,0,0,0,0,0,0,0,0,0,0,0,0,0,0
