pH,a*,b*
1,4.807,0.704
1,4.689,0.764
1,4.573,0.826
1,4.455,0.889
1,4.336,0.954
1,4.215,1.02
1,4.092,1.088
1,3.966,1.158
1,3.839,1.231
1,3.708,1.305
1,3.575,1.381
1,3.438,1.46
1,3.298,1.542
1,3.154,1.627
1,3.006,1.715
1,2.853,1.807
1,2.695,1.904
1,2.531,2.005
1,2.361,2.113
1,2.183,2.227
1,1.996,2.351
1.5,4.64,-0.004
1.5,4.508,0.091
1.5,4.379,0.19
1.5,4.249,0.29
1.5,4.118,0.392
1.5,3.985,0.497
1.5,3.851,0.604
1.5,3.714,0.713
1.5,3.576,0.824
1.5,3.435,0.938
1.5,3.291,1.056
1.5,3.144,1.177
1.5,2.993,1.301
1.5,2.839,1.43
1.5,2.681,1.563
1.5,2.518,1.702
1.5,2.349,1.847
1.5,2.175,2
1.5,1.994,2.162
1.5,1.805,2.335
1.5,1.606,2.524
2,2.958,0.171
2,2.861,0.346
2,2.776,0.515
2,2.697,0.678
2,2.621,0.835
2,2.548,0.987
2,2.479,1.134
2,2.411,1.278
2,2.346,1.418
2,2.283,1.556
2,2.222,1.69
2,2.162,1.822
2,2.103,1.952
2,2.046,2.081
2,1.99,2.207
2,1.935,2.332
2,1.88,2.456
2,1.827,2.578
2,1.775,2.7
2,1.723,2.821
2,1.672,2.942
2.5,2.958,0.171
2.5,2.861,0.393
2.5,2.777,0.602
2.5,2.699,0.801
2.5,2.628,0.991
2.5,2.56,1.172
2.5,2.497,1.347
2.5,2.436,1.516
2.5,2.378,1.68
2.5,2.323,1.84
2.5,2.27,1.995
2.5,2.218,2.147
2.5,2.169,2.295
2.5,2.121,2.441
2.5,2.075,2.584
2.5,2.029,2.725
2.5,1.986,2.864
2.5,1.943,3.002
2.5,1.901,3.138
2.5,1.86,3.273
2.5,1.821,3.406
3,4.316,-1.043
3,4.201,-0.82
3,4.088,-0.598
3,3.977,-0.377
3,3.866,-0.157
3,3.756,0.063
3,3.646,0.283
3,3.536,0.504
3,3.425,0.725
3,3.315,0.949
3,3.204,1.174
3,3.092,1.403
3,2.979,1.634
3,2.865,1.87
3,2.75,2.112
3,2.634,2.36
3,2.515,2.616
3,2.395,2.884
3,2.272,3.167
3,2.146,3.471
3,2.019,3.811
3.5,4.492,-1.246
3.5,4.377,-1.016
3.5,4.263,-0.787
3.5,4.15,-0.558
3.5,4.036,-0.328
3.5,3.923,-0.098
3.5,3.81,0.133
3.5,3.697,0.366
3.5,3.583,0.6
3.5,3.468,0.837
3.5,3.353,1.078
3.5,3.236,1.322
3.5,3.119,1.571
3.5,3,1.825
3.5,2.88,2.087
3.5,2.758,2.357
3.5,2.634,2.638
3.5,2.508,2.933
3.5,2.38,3.248
3.5,2.251,3.591
3.5,2.123,3.983
4,3.744,-1.471
4,3.65,-1.21
4,3.56,-0.952
4,3.471,-0.697
4,3.384,-0.444
4,3.299,-0.193
4,3.215,0.058
4,3.132,0.309
4,3.05,0.56
4,2.969,0.812
4,2.889,1.066
4,2.81,1.322
4,2.731,1.582
4,2.654,1.846
4,2.577,2.115
4,2.502,2.391
4,2.428,2.677
4,2.356,2.974
4,2.288,3.287
4,2.226,3.624
4,2.176,4.001
4.5,2.889,-2.174
4.5,2.819,-1.881
4.5,2.753,-1.594
4.5,2.69,-1.31
4.5,2.63,-1.028
4.5,2.572,-0.749
4.5,2.518,-0.471
4.5,2.466,-0.193
4.5,2.416,0.085
4.5,2.369,0.364
4.5,2.325,0.645
4.5,2.284,0.929
4.5,2.246,1.217
4.5,2.211,1.51
4.5,2.181,1.81
4.5,2.157,2.118
4.5,2.139,2.437
4.5,2.13,2.771
4.5,2.136,3.126
4.5,2.166,3.512
4.5,2.247,3.954
5,1.589,-3.531
5,1.554,-3.185
5,1.525,-2.847
5,1.503,-2.515
5,1.485,-2.189
5,1.473,-1.866
5,1.466,-1.546
5,1.464,-1.227
5,1.467,-0.909
5,1.475,-0.59
5,1.489,-0.269
5,1.51,0.055
5,1.538,0.384
5,1.574,0.718
5,1.619,1.059
5,1.678,1.411
5,1.751,1.776
5,1.847,2.159
5,1.976,2.567
5,2.161,3.016
5,2.49,3.549
5.5,0.455,-5.181
5.5,0.448,-4.751
5.5,0.453,-4.34
5.5,0.467,-3.944
5.5,0.491,-3.559
5.5,0.523,-3.183
5.5,0.563,-2.813
5.5,0.611,-2.446
5.5,0.667,-2.082
5.5,0.731,-1.72
5.5,0.804,-1.356
5.5,0.887,-0.99
5.5,0.981,-0.621
5.5,1.087,-0.245
5.5,1.209,0.138
5.5,1.349,0.532
5.5,1.514,0.94
5.5,1.712,1.369
5.5,1.961,1.828
5.5,2.299,2.336
5.5,2.885,2.964
6,0.23,-5.847
6,0.279,-5.458
6,0.34,-5.09
6,0.412,-4.738
6,0.493,-4.397
6,0.584,-4.064
6,0.684,-3.739
6,0.792,-3.419
6,0.91,-3.103
6,1.037,-2.789
6,1.175,-2.476
6,1.325,-2.163
6,1.488,-1.848
6,1.665,-1.53
6,1.861,-1.208
6,2.079,-0.878
6,2.324,-0.538
6,2.607,-0.184
6,2.944,0.193
6,3.375,0.608
6,4.043,1.118
6.5,0.021,-6.618
6.5,0.14,-6.272
6.5,0.271,-5.95
6.5,0.413,-5.646
6.5,0.565,-5.355
6.5,0.726,-5.074
6.5,0.896,-4.801
6.5,1.075,-4.533
6.5,1.263,-4.271
6.5,1.461,-4.011
6.5,1.67,-3.753
6.5,1.891,-3.495
6.5,2.125,-3.237
6.5,2.375,-2.976
6.5,2.643,-2.712
6.5,2.934,-2.442
6.5,3.253,-2.162
6.5,3.609,-1.87
6.5,4.021,-1.558
6.5,4.526,-1.211
6.5,5.256,-0.779
7,0.001,-6.743
7,0.24,-6.554
7,0.483,-6.377
7,0.732,-6.207
7,0.985,-6.044
7,1.244,-5.885
7,1.508,-5.73
7,1.778,-5.577
7,2.055,-5.425
7,2.338,-5.274
7,2.631,-5.122
7,2.932,-4.969
7,3.245,-4.813
7,3.571,-4.654
7,3.914,-4.49
7,4.276,-4.319
7,4.664,-4.139
7,5.086,-3.946
7,5.56,-3.734
7,6.117,-3.49
7,6.877,-3.173
7.5,-0.002,-6.8
7.5,0.325,-6.732
7.5,0.65,-6.665
7.5,0.975,-6.599
7.5,1.3,-6.533
7.5,1.627,-6.467
7.5,1.955,-6.4
7.5,2.286,-6.331
7.5,2.62,-6.26
7.5,2.958,-6.186
7.5,3.303,-6.11
7.5,3.654,-6.03
7.5,4.014,-5.946
7.5,4.385,-5.857
7.5,4.769,-5.761
7.5,5.17,-5.657
7.5,5.593,-5.544
7.5,6.047,-5.418
7.5,6.545,-5.274
7.5,7.116,-5.101
7.5,7.848,-4.867
8,-0.023,-6.828
8,0.357,-6.83
8,0.732,-6.829
8,1.102,-6.825
8,1.469,-6.818
8,1.835,-6.807
8,2.2,-6.792
8,2.566,-6.774
8,2.932,-6.752
8,3.301,-6.726
8,3.674,-6.695
8,4.053,-6.659
8,4.438,-6.618
8,4.831,-6.571
8,5.237,-6.517
8,5.656,-6.454
8,6.096,-6.382
8,6.562,-6.296
8,7.068,-6.194
8,7.636,-6.066
8,8.333,-5.888
8.5,-0.008,-6.844
8.5,0.385,-6.865
8.5,0.771,-6.881
8.5,1.152,-6.893
8.5,1.529,-6.901
8.5,1.904,-6.905
8.5,2.277,-6.905
8.5,2.651,-6.9
8.5,3.025,-6.891
8.5,3.401,-6.877
8.5,3.78,-6.859
8.5,4.164,-6.835
8.5,4.554,-6.806
8.5,4.952,-6.77
8.5,5.362,-6.727
8.5,5.785,-6.676
8.5,6.227,-6.615
8.5,6.694,-6.541
8.5,7.198,-6.451
8.5,7.761,-6.336
8.5,8.443,-6.175
9,-0.01,-6.847
9,0.393,-6.88
9,0.789,-6.908
9,1.179,-6.932
9,1.564,-6.951
9,1.947,-6.965
9,2.327,-6.975
9,2.707,-6.98
9,3.087,-6.98
9,3.468,-6.976
9,3.852,-6.967
9,4.24,-6.952
9,4.634,-6.931
9,5.036,-6.904
9,5.448,-6.87
9,5.873,-6.828
9,6.315,-6.775
9,6.782,-6.711
9,7.284,-6.63
9,7.841,-6.526
9,8.505,-6.38
